Is Conceptual,Classification,Service,Resource Name,Resource Id,Description,Properties,Is Conceptual,Classification
Y,,sql-types,Resource,/azure-rest-api-specs/specification/sql/resource-manager/common/v1/types.json#Resource,ARM resource.,{'id': {'type': 'string'; 'description': 'Resource ID.'}; 'name': {'type': 'string'; 'description': 'Resource name.'}; 'type': {'type': 'string'; 'description': 'Resource type.'}},,
Y,,sql-types,ProxyResource,/azure-rest-api-specs/specification/sql/resource-manager/common/v1/types.json#ProxyResource,ARM proxy resource.,{},,
Y,,sql-types,TrackedResource,/azure-rest-api-specs/specification/sql/resource-manager/common/v1/types.json#TrackedResource,ARM tracked top level resource.,{'location': {'type': 'string'; 'description': 'Resource location.'}; 'tags': {'type': 'free-type'; 'description': 'Resource tags.'}},,
N,Properties,sql-types,Sku,/azure-rest-api-specs/specification/sql/resource-manager/common/v1/types.json#Sku,An ARM Resource SKU.,{'name': {'type': 'string'; 'description': 'The name of the SKU; typically; a letter + Number code; e.g. P3.'}; 'tier': {'type': 'string'; 'description': 'The tier or edition of the particular SKU; e.g. Basic; Premium.'}; 'size': {'type': 'string'; 'description': 'Size of the particular SKU'}; 'family': {'type': 'string'; 'description': 'If the service has different generations of hardware; for the same SKU; then that can be captured here.'}; 'capacity': {'type': 'int'; 'description': 'Capacity of the particular SKU.'}},,
N,Properties,sql-types,systemData,/azure-rest-api-specs/specification/sql/resource-manager/common/v1/types.json#systemData,Metadata pertaining to creation and last modification of the resource.,{'createdBy': {'type': 'string'; 'description': 'The identity that created the resource.'}; 'createdByType': {'type': 'string'; 'description': 'The type of identity that created the resource.'}; 'createdAt': {'type': 'string'; 'description': 'The timestamp of resource creation (UTC).'}; 'lastModifiedBy': {'type': 'string'; 'description': 'The identity that last modified the resource.'}; 'lastModifiedByType': {'type': 'string'; 'description': 'The type of identity that last modified the resource.'}; 'lastModifiedAt': {'type': 'string'; 'description': 'The timestamp of resource last modification (UTC)'}},,
N,Properties,sql-types,ResourceIdentity,/azure-rest-api-specs/specification/sql/resource-manager/common/v1/types.json#ResourceIdentity,Azure Active Directory identity configuration for a resource.,"{'principalId': {'type': 'string'; 'description': 'The Azure Active Directory principal id.'}; 'type': {'type': 'string'; 'description': ""The identity type. Set this to 'SystemAssigned' in order to automatically create and assign an Azure Active Directory principal for the resource.""}; 'tenantId': {'type': 'string'; 'description': 'The Azure Active Directory tenant id.'}}",,
N,Operation,Microsoft.Maps,MapsOperations,/azure-rest-api-specs/specification/maps/resource-manager/Microsoft.Maps/stable/2021-02-01/maps-management.json#MapsOperations,The set of operations available for Maps.,"{'nextLink': {'type': 'string'; 'description': ""URL client should use to fetch the next page (per server side paging).\r\nIt's null for now; added for future use.""}}",,
N,Properties,Microsoft.Maps,MapsKeySpecification,/azure-rest-api-specs/specification/maps/resource-manager/Microsoft.Maps/stable/2021-02-01/maps-management.json#MapsKeySpecification,Whether the operation refers to the primary or secondary key.,{'keyType': {'type': 'string'; 'description': 'Whether the operation refers to the primary or secondary key.'}},,
N,Operation,Microsoft.Maps,MapsOperations,/azure-rest-api-specs/specification/maps/resource-manager/Microsoft.Maps/stable/2021-02-01/maps-management.json#MapsOperations,The set of operations available for Maps.,"{'nextLink': {'type': 'string'; 'description': ""URL client should use to fetch the next page (per server side paging).\r\nIt's null for now; added for future use.""}}",,
N,Properties,Microsoft.Maps,CreatorUpdateParameters,/azure-rest-api-specs/specification/maps/resource-manager/Microsoft.Maps/stable/2021-02-01/maps-management.json#CreatorUpdateParameters,Parameters used to update an existing Creator resource.,{'tags': {'type': 'free-type'; 'description': 'Gets or sets a list of key value pairs that describe the resource. These tags can be used in viewing and grouping this resource (across resource groups). A maximum of 15 tags can be provided for a resource. Each tag must have a key no greater than 128 characters and value no greater than 256 characters.'}},,
N,Properties,Microsoft.Maps,MetricSpecification,/azure-rest-api-specs/specification/maps/resource-manager/Microsoft.Maps/stable/2021-02-01/maps-management.json#MetricSpecification,Metric specification of operation.,{'name': {'type': 'string'; 'description': 'Name of metric specification.'}; 'displayName': {'type': 'string'; 'description': 'Display name of metric specification.'}; 'displayDescription': {'type': 'string'; 'description': 'Display description of metric specification.'}; 'unit': {'type': 'string'; 'description': 'Unit could be Count.'}; 'aggregationType': {'type': 'string'; 'description': 'Aggregation type could be Average.'}; 'fillGapWithZero': {'type': 'bool'; 'description': 'The property to decide fill gap with zero or not.'}; 'category': {'type': 'string'; 'description': 'The category this metric specification belong to; could be Capacity.'}; 'resourceIdDimensionNameOverride': {'type': 'string'; 'description': 'Account Resource Id.'}},,
N,Properties,Microsoft.Maps,MetricSpecification,/azure-rest-api-specs/specification/maps/resource-manager/Microsoft.Maps/stable/2021-02-01/maps-management.json#MetricSpecification,Metric specification of operation.,{'name': {'type': 'string'; 'description': 'Name of metric specification.'}; 'displayName': {'type': 'string'; 'description': 'Display name of metric specification.'}; 'displayDescription': {'type': 'string'; 'description': 'Display description of metric specification.'}; 'unit': {'type': 'string'; 'description': 'Unit could be Count.'}; 'aggregationType': {'type': 'string'; 'description': 'Aggregation type could be Average.'}; 'fillGapWithZero': {'type': 'bool'; 'description': 'The property to decide fill gap with zero or not.'}; 'category': {'type': 'string'; 'description': 'The category this metric specification belong to; could be Capacity.'}; 'resourceIdDimensionNameOverride': {'type': 'string'; 'description': 'Account Resource Id.'}},,
N,Operation,Microsoft.Maps,OperationDisplay,/azure-rest-api-specs/specification/maps/resource-manager/Microsoft.Maps/stable/2021-02-01/maps-management.json#OperationDisplay,Operation display payload,{'provider': {'type': 'string'; 'description': 'Resource provider of the operation'}; 'resource': {'type': 'string'; 'description': 'Resource of the operation'}; 'operation': {'type': 'string'; 'description': 'Localized friendly name for the operation'}; 'description': {'type': 'string'; 'description': 'Localized friendly description for the operation'}},,
N,Properties,Microsoft.Maps,CreatorUpdateParameters,/azure-rest-api-specs/specification/maps/resource-manager/Microsoft.Maps/stable/2021-02-01/maps-management.json#CreatorUpdateParameters,Parameters used to update an existing Creator resource.,{'tags': {'type': 'free-type'; 'description': 'Gets or sets a list of key value pairs that describe the resource. These tags can be used in viewing and grouping this resource (across resource groups). A maximum of 15 tags can be provided for a resource. Each tag must have a key no greater than 128 characters and value no greater than 256 characters.'}},,
N,Properties,Microsoft.Maps,MapsAccountKeys,/azure-rest-api-specs/specification/maps/resource-manager/Microsoft.Maps/stable/2021-02-01/maps-management.json#MapsAccountKeys,The set of keys which can be used to access the Maps REST APIs. Two keys are provided for key rotation without interruption.,{'primaryKeyLastUpdated': {'type': 'string'; 'description': 'The last updated date and time of the primary key.'}; 'primaryKey': {'type': 'string'; 'description': 'The primary key for accessing the Maps REST APIs.'}; 'secondaryKey': {'type': 'string'; 'description': 'The secondary key for accessing the Maps REST APIs.'}; 'secondaryKeyLastUpdated': {'type': 'string'; 'description': 'The last updated date and time of the secondary key.'}},,
N,Properties,Microsoft.Maps,Kind,/azure-rest-api-specs/specification/maps/resource-manager/Microsoft.Maps/stable/2021-02-01/maps-management.json#Kind,The Kind of the Maps Account.,{},,
N,Properties,Microsoft.DBforPostgreSQL,VcoreCapability,/azure-rest-api-specs/specification/postgresql/resource-manager/Microsoft.DBforPostgreSQL/stable/2021-06-01/postgresql.json#VcoreCapability,Vcores capability,{'name': {'type': 'string'; 'description': 'vCore name'}; 'vCores': {'type': 'int'; 'description': 'supported vCores'}; 'supportedIops': {'type': 'int'; 'description': 'supported IOPS'}; 'supportedMemoryPerVcoreMB': {'type': 'int'; 'description': 'supported memory per vCore in MB'}; 'status': {'type': 'string'; 'description': 'The status'}},,
N,Status,Microsoft.DBforPostgreSQL,NameAvailability,/azure-rest-api-specs/specification/postgresql/resource-manager/Microsoft.DBforPostgreSQL/stable/2021-06-01/postgresql.json#NameAvailability,Represents a resource name availability.,{'message': {'type': 'string'; 'description': 'Error Message.'}; 'nameAvailable': {'type': 'bool'; 'description': 'Indicates whether the resource name is available.'}; 'name': {'type': 'string'; 'description': 'name of the PostgreSQL server.'}; 'type': {'type': 'string'; 'description': 'type of the server'}; 'reason': {'type': 'string'; 'description': 'The name availability reason.'}},,
N,Status,Microsoft.DBforPostgreSQL,CloudError,/azure-rest-api-specs/specification/postgresql/resource-manager/Microsoft.DBforPostgreSQL/stable/2021-06-01/postgresql.json#CloudError,An error response from the Batch service.,{},,
N,Status,Microsoft.DBforPostgreSQL,CloudError,/azure-rest-api-specs/specification/postgresql/resource-manager/Microsoft.DBforPostgreSQL/stable/2021-06-01/PrivateDnsZone.json#CloudError,An error response from the Batch service.,{},,
N,Operation,Microsoft.DBforPostgreSQL,OperationDisplay,/azure-rest-api-specs/specification/postgresql/resource-manager/Microsoft.DBforPostgreSQL/stable/2021-06-01/postgresql.json#OperationDisplay,Display metadata associated with the operation.,{'provider': {'type': 'string'; 'description': 'Operation resource provider name.'}; 'resource': {'type': 'string'; 'description': 'Resource on which the operation is performed.'}; 'operation': {'type': 'string'; 'description': 'Localized friendly name for the operation.'}; 'description': {'type': 'string'; 'description': 'Operation description.'}},,
N,Properties,Microsoft.DBforPostgreSQL,Storage,/azure-rest-api-specs/specification/postgresql/resource-manager/Microsoft.DBforPostgreSQL/stable/2021-06-01/postgresql.json#Storage,Storage properties of a server,{'storageSizeGB': {'type': 'int'; 'description': 'Max storage allowed for a server.'}},,
N,Properties,Microsoft.DBforPostgreSQL,CapabilityProperties,/azure-rest-api-specs/specification/postgresql/resource-manager/Microsoft.DBforPostgreSQL/stable/2021-06-01/postgresql.json#CapabilityProperties,Location capabilities.,{'zone': {'type': 'string'; 'description': 'zone name'}; 'geoBackupSupported': {'type': 'bool'; 'description': 'A value indicating whether a new server in this region can have geo-backups to paired region.'}; 'zoneRedundantHaSupported': {'type': 'bool'; 'description': 'A value indicating whether a new server in this region can support multi zone HA.'}; 'zoneRedundantHaAndGeoBackupSupported': {'type': 'bool'; 'description': 'A value indicating whether a new server in this region can have geo-backups to paired region.'}; 'status': {'type': 'string'; 'description': 'The status'}},,
N,Properties,Microsoft.DBforPostgreSQL,StorageEditionCapability,/azure-rest-api-specs/specification/postgresql/resource-manager/Microsoft.DBforPostgreSQL/stable/2021-06-01/postgresql.json#StorageEditionCapability,storage edition capability,{'name': {'type': 'string'; 'description': 'storage edition name'}; 'status': {'type': 'string'; 'description': 'The status'}},,
N,Properties,Microsoft.DBforPostgreSQL,MaintenanceWindow,/azure-rest-api-specs/specification/postgresql/resource-manager/Microsoft.DBforPostgreSQL/stable/2021-06-01/postgresql.json#MaintenanceWindow,Maintenance window properties of a server.,{'customWindow': {'type': 'string'; 'description': 'indicates whether custom window is enabled or disabled'}; 'startHour': {'type': 'int'; 'description': 'start hour for maintenance window'}; 'startMinute': {'type': 'int'; 'description': 'start minute for maintenance window'}; 'dayOfWeek': {'type': 'int'; 'description': 'day of week for maintenance window'}},,
N,Properties,Microsoft.DBforPostgreSQL,ServerProperties,/azure-rest-api-specs/specification/postgresql/resource-manager/Microsoft.DBforPostgreSQL/stable/2021-06-01/postgresql.json#ServerProperties,The properties of a server.,"{'administratorLogin': {'type': 'string'; 'description': ""The administrator's login name of a server. Can only be specified when the server is being created (and is required for creation).""}; 'administratorLoginPassword': {'type': 'string'; 'description': 'The administrator login password (required for server creation).'}; 'minorVersion': {'type': 'string'; 'description': 'The minor version of the server.'}; 'state': {'type': 'string'; 'description': 'A state of a server that is visible to user.'}; 'fullyQualifiedDomainName': {'type': 'string'; 'description': 'The fully qualified domain name of a server.'}; 'sourceServerResourceId': {'type': 'string'; 'description': ""The source server resource ID to restore from. It's required when 'createMode' is 'PointInTimeRestore'.""}; 'pointInTimeUTC': {'type': 'string'; 'description': ""Restore point creation time (ISO8601 format); specifying the time to restore from. It's required when 'createMode' is 'PointInTimeRestore'.""}; 'availabilityZone': {'type': 'string'; 'description': 'availability zone information of the server.'}; 'createMode': {'type': 'string'; 'description': 'The mode to create a new PostgreSQL server.'}}",,
N,Array;Results,Microsoft.ServiceBus,RuleListResult,/azure-rest-api-specs/specification/servicebus/resource-manager/Microsoft.ServiceBus/stable/2017-04-01/Rules.json#RuleListResult,The response of the List rule operation.,{'nextLink': {'type': 'string'; 'description': 'Link to the next set of results. Not empty if Value contains incomplete list of rules'}},,
N,Properties,Microsoft.ServiceBus,Ruleproperties,/azure-rest-api-specs/specification/servicebus/resource-manager/Microsoft.ServiceBus/stable/2017-04-01/Rules.json#Ruleproperties,Description of Rule Resource.,{},,
N,Result;Status,Microsoft.ServiceBus,CheckNameAvailabilityResult,/azure-rest-api-specs/specification/servicebus/resource-manager/Microsoft.ServiceBus/stable/2017-04-01/CheckNameAvailability.json#CheckNameAvailabilityResult,Description of a Check Name availability request properties.,{'message': {'type': 'string'; 'description': 'The detailed info regarding the reason associated with the namespace.'}; 'nameAvailable': {'type': 'bool'; 'description': 'Value indicating namespace is availability; true if the namespace is available; otherwise; false.'}},,
N,Array,Microsoft.ServiceBus,SqlRuleAction,/azure-rest-api-specs/specification/servicebus/resource-manager/Microsoft.ServiceBus/stable/2017-04-01/Rules.json#SqlRuleAction,Represents set of actions written in SQL language-based syntax that is performed against a ServiceBus.Messaging.BrokeredMessage ,"{'sqlExpression': {'type': 'string'; 'description': ""SQL expression. e.g. MyProperty='ABC'""}; 'compatibilityLevel': {'type': 'int'; 'description': 'This property is reserved for future use. An integer value showing the compatibility level; currently hard-coded to 20.'}; 'requiresPreprocessing': {'type': 'bool'; 'description': 'Value that indicates whether the rule action requires preprocessing.'}}",,
N,Properties,Microsoft.ServiceBus,SBTopic,/azure-rest-api-specs/specification/servicebus/resource-manager/Microsoft.ServiceBus/stable/2017-04-01/topics.json#SBTopic,Description of topic resource.,{},,
N,Properties,Microsoft.ServiceBus,SBTopic,/azure-rest-api-specs/specification/servicebus/resource-manager/Microsoft.ServiceBus/stable/2017-04-01/topics.json#SBTopic,Description of topic resource.,{},,
N,Properties,Microsoft.ServiceBus,SBQueue,/azure-rest-api-specs/specification/servicebus/resource-manager/Microsoft.ServiceBus/stable/2017-04-01/Queue.json#SBQueue,Description of queue Resource.,{},,
N,Properties,Microsoft.ServiceBus,AccessKeys,/azure-rest-api-specs/specification/servicebus/resource-manager/Microsoft.ServiceBus/stable/2017-04-01/AuthorizationRules.json#AccessKeys,Namespace/ServiceBus Connection String,{'primaryConnectionString': {'type': 'string'; 'description': 'Primary connection string of the created namespace authorization rule.'}; 'secondaryConnectionString': {'type': 'string'; 'description': 'Secondary connection string of the created namespace authorization rule.'}; 'aliasPrimaryConnectionString': {'type': 'string'; 'description': 'Primary connection string of the alias if GEO DR is enabled'}; 'aliasSecondaryConnectionString': {'type': 'string'; 'description': 'Secondary  connection string of the alias if GEO DR is enabled'}; 'primaryKey': {'type': 'string'; 'description': 'A base64-encoded 256-bit primary key for signing and validating the SAS token.'}; 'secondaryKey': {'type': 'string'; 'description': 'A base64-encoded 256-bit primary key for signing and validating the SAS token.'}; 'keyName': {'type': 'string'; 'description': 'A string that describes the authorization rule.'}},,
N,Array;Results,Microsoft.ServiceBus,SBAuthorizationRuleListResult,/azure-rest-api-specs/specification/servicebus/resource-manager/Microsoft.ServiceBus/stable/2017-04-01/AuthorizationRules.json#SBAuthorizationRuleListResult,The response to the List Namespace operation.,{'nextLink': {'type': 'string'; 'description': 'Link to the next set of results. Not empty if Value contains incomplete list of Authorization Rules.'}},,
N,Properties;Result;Status,Microsoft.ServiceBus,CheckNameAvailabilityResult,/azure-rest-api-specs/specification/servicebus/resource-manager/Microsoft.ServiceBus/stable/2017-04-01/CheckNameAvailability.json#CheckNameAvailabilityResult,Description of a Check Name availability request properties.,{'message': {'type': 'string'; 'description': 'The detailed info regarding the reason associated with the namespace.'}; 'nameAvailable': {'type': 'bool'; 'description': 'Value indicating namespace is availability; true if the namespace is available; otherwise; false.'}},,
N,Operation;Result,Microsoft.Insights,OperationLive,/azure-rest-api-specs/specification/applicationinsights/resource-manager/Microsoft.Insights/stable/2021-10-14/livetoken_API.json#OperationLive,Represents an operation returned by the GetOperations request,{'name': {'type': 'string'; 'description': 'Name of the operation'}; 'isDataAction': {'type': 'bool'; 'description': 'Indicates whether the operation is a data action'}; 'origin': {'type': 'string'; 'description': 'Origin of the operation'}; 'properties': {'type': 'object'; 'description': 'Properties of the operation'; 'of_type': 'NA'}},,
Y,,Microsoft.Insights,ActionGroup,/azure-rest-api-specs/specification/monitor/resource-manager/Microsoft.Insights/stable/2021-09-01/actionGroups_API.json#ActionGroup,An Azure action group.,{'groupShortName': {'type': 'string'; 'description': 'The short name of the action group. This will be used in SMS messages.'}; 'enabled': {'type': 'bool'; 'description': 'Indicates whether this action group is enabled. If an action group is not enabled; then none of its receivers will receive communications.'}},,
Y,,Microsoft.Insights,SmsReceiver,/azure-rest-api-specs/specification/monitor/resource-manager/Microsoft.Insights/stable/2021-09-01/actionGroups_API.json#SmsReceiver,An SMS receiver.,{'name': {'type': 'string'; 'description': 'The name of the SMS receiver. Names must be unique across all receivers within an action group.'}; 'countryCode': {'type': 'string'; 'description': 'The country code of the SMS receiver.'}; 'phoneNumber': {'type': 'string'; 'description': 'The phone number of the SMS receiver.'}},,
N,Array;Results,Microsoft.Insights,OperationsListResult,/azure-rest-api-specs/specification/applicationinsights/resource-manager/Microsoft.Insights/stable/2021-10-14/livetoken_API.json#OperationsListResult,Result of the List Operations operation,{'nextLink': {'type': 'string'; 'description': 'URL to get the next set of operation list results if there are any.'}},,
Y,,Microsoft.Insights,EmailReceiver,/azure-rest-api-specs/specification/monitor/resource-manager/Microsoft.Insights/stable/2021-09-01/actionGroups_API.json#EmailReceiver,An email receiver.,{'name': {'type': 'string'; 'description': 'The name of the email receiver. Names must be unique across all receivers within an action group.'}; 'emailAddress': {'type': 'string'; 'description': 'The email address of this receiver.'}; 'useCommonAlertSchema': {'type': 'bool'; 'description': 'Indicates whether to use common alert schema.'}},,
Y,,Microsoft.Insights,AutomationRunbookReceiver,/azure-rest-api-specs/specification/monitor/resource-manager/Microsoft.Insights/stable/2021-09-01/actionGroups_API.json#AutomationRunbookReceiver,The Azure Automation Runbook notification receiver.,{'automationAccountId': {'type': 'string'; 'description': 'The Azure automation account Id which holds this runbook and authenticate to Azure resource.'}; 'runbookName': {'type': 'string'; 'description': 'The name for this runbook.'}; 'webhookResourceId': {'type': 'string'; 'description': 'The resource id for webhook linked to this runbook.'}; 'isGlobalRunbook': {'type': 'bool'; 'description': 'Indicates whether this instance is global runbook.'}; 'name': {'type': 'string'; 'description': 'Indicates name of the webhook.'}; 'serviceUri': {'type': 'string'; 'description': 'The URI where webhooks should be sent.'}; 'useCommonAlertSchema': {'type': 'bool'; 'description': 'Indicates whether to use common alert schema.'}},,
Y,,Microsoft.Insights,ItsmReceiver,/azure-rest-api-specs/specification/monitor/resource-manager/Microsoft.Insights/stable/2021-09-01/actionGroups_API.json#ItsmReceiver,An Itsm receiver.,"{'name': {'type': 'string'; 'description': 'The name of the Itsm receiver. Names must be unique across all receivers within an action group.'}; 'workspaceId': {'type': 'string'; 'description': 'OMS LA instance identifier.'}; 'connectionId': {'type': 'string'; 'description': 'Unique identification of ITSM connection among multiple defined in above workspace.'}; 'ticketConfiguration': {'type': 'string'; 'description': 'JSON blob for the configurations of the ITSM action. CreateMultipleWorkItems option will be part of this blob as well.'}; 'region': {'type': 'string'; 'description': ""Region in which workspace resides. Supported values:'centralindia';'japaneast';'southeastasia';'australiasoutheast';'uksouth';'westcentralus';'canadacentral';'eastus';'westeurope'""}}",,
N,Result,Microsoft.Insights,TestNotificationResponse,/azure-rest-api-specs/specification/monitor/resource-manager/Microsoft.Insights/stable/2021-09-01/actionGroups_API.json#TestNotificationResponse,The response when test notification succeeded,{'notificationId': {'type': 'string'; 'description': 'The notification id'}; 'correlationId': {'type': 'string'; 'description': 'The correlation id'}; 'createdTime': {'type': 'string'; 'description': 'The created time'}},,
Y,,Microsoft.Insights,VoiceReceiver,/azure-rest-api-specs/specification/monitor/resource-manager/Microsoft.Insights/stable/2021-09-01/actionGroups_API.json#VoiceReceiver,A voice receiver.,{'name': {'type': 'string'; 'description': 'The name of the voice receiver. Names must be unique across all receivers within an action group.'}; 'countryCode': {'type': 'string'; 'description': 'The country code of the voice receiver.'}; 'phoneNumber': {'type': 'string'; 'description': 'The phone number of the voice receiver.'}},,
N,Operation,Microsoft.Insights,ActionGroupPatch,/azure-rest-api-specs/specification/monitor/resource-manager/Microsoft.Insights/stable/2021-09-01/actionGroups_API.json#ActionGroupPatch,An Azure action group for patch operations.,{'enabled': {'type': 'bool'; 'description': 'Indicates whether this action group is enabled. If an action group is not enabled; then none of its actions will be activated.'}},,
N,Array;Properties,Microsoft.ManagedServices,RegistrationDefinitionList,/azure-rest-api-specs/specification/managedservices/resource-manager/Microsoft.ManagedServices/stable/2019-09-01/managedservices.json#RegistrationDefinitionList,List of registration definitions.,{'nextLink': {'type': 'string'; 'description': 'Link to next page of registration definitions.'}},,
Y,,Microsoft.ManagedServices,RegistrationAssignment,/azure-rest-api-specs/specification/managedservices/resource-manager/Microsoft.ManagedServices/stable/2019-09-01/managedservices.json#RegistrationAssignment,Registration assignment.,{'id': {'type': 'string'; 'description': 'The fully qualified path of the registration assignment.'}; 'type': {'type': 'string'; 'description': 'Type of the resource.'}; 'name': {'type': 'string'; 'description': 'Name of the registration assignment.'}},,
N,Properties,Microsoft.ManagedServices,MarketplaceRegistrationDefinition,/azure-rest-api-specs/specification/managedservices/resource-manager/Microsoft.ManagedServices/stable/2019-09-01/managedservices.json#MarketplaceRegistrationDefinition,,{'id': {'type': 'string'; 'description': 'Fully qualified path of the marketplace registration definition.'}; 'type': {'type': 'string'; 'description': 'Type of the resource.'}; 'name': {'type': 'string'; 'description': 'Name of the marketplace registration definition.'}},,
N,Properties,Microsoft.ManagedServices,RegistrationDefinition,/azure-rest-api-specs/specification/managedservices/resource-manager/Microsoft.ManagedServices/stable/2019-09-01/managedservices.json#RegistrationDefinition,Registration definition.,{'id': {'type': 'string'; 'description': 'Fully qualified path of the registration definition.'}; 'type': {'type': 'string'; 'description': 'Type of the resource.'}; 'name': {'type': 'string'; 'description': 'Name of the registration definition.'}},,
N,Properties,Microsoft.ManagedServices,MarketplaceRegistrationDefinitionProperties,/azure-rest-api-specs/specification/managedservices/resource-manager/Microsoft.ManagedServices/stable/2019-09-01/managedservices.json#MarketplaceRegistrationDefinitionProperties,Properties of a marketplace registration definition.,{'managedByTenantId': {'type': 'string'; 'description': 'Id of the managedBy tenant.'}; 'offerDisplayName': {'type': 'string'; 'description': 'The marketplace offer display name.'}; 'publisherDisplayName': {'type': 'string'; 'description': 'The marketplace publisher display name.'}; 'planDisplayName': {'type': 'string'; 'description': 'The marketplace plan display name.'}},,
N,Properties,Microsoft.ManagedServices,Authorization,/azure-rest-api-specs/specification/managedservices/resource-manager/Microsoft.ManagedServices/stable/2019-09-01/managedservices.json#Authorization,Authorization tuple containing principal Id (of user/service principal/security group) and role definition id.,{'principalId': {'type': 'string'; 'description': 'Principal Id of the security group/service principal/user that would be assigned permissions to the projected subscription'}; 'principalIdDisplayName': {'type': 'string'; 'description': 'Display name of the principal Id.'}; 'roleDefinitionId': {'type': 'string'; 'description': 'The role definition identifier. This role will define all the permissions that the security group/service principal/user must have on the projected subscription. This role cannot be an owner role.'}; 'delegatedRoleDefinitionIds': {'type': 'array'; 'description': 'The delegatedRoleDefinitionIds field is required when the roleDefinitionId refers to the User Access Administrator Role. It is the list of role definition ids which define all the permissions that the user in the authorization can assign to other security groups/service principals/users.'; 'of_type': 'string'}},,
N,Properties,Microsoft.ManagedServices,Plan,/azure-rest-api-specs/specification/managedservices/resource-manager/Microsoft.ManagedServices/stable/2019-09-01/managedservices.json#Plan,Plan details for the managed services.,"{'name': {'type': 'string'; 'description': 'The plan name.'}; 'publisher': {'type': 'string'; 'description': 'The publisher ID.'}; 'product': {'type': 'string'; 'description': 'The product code.'}; 'version': {'type': 'string'; 'description': ""The plan's version.""}}",,
N,Array;Properties,Microsoft.ManagedServices,MarketplaceRegistrationDefinitionList,/azure-rest-api-specs/specification/managedservices/resource-manager/Microsoft.ManagedServices/stable/2019-09-01/managedservices.json#MarketplaceRegistrationDefinitionList,List of marketplace registration definitions.,{'nextLink': {'type': 'string'; 'description': 'Link to next page of marketplace registration definitions.'}},,
N,Properties,Microsoft.ManagedServices,Authorization,/azure-rest-api-specs/specification/managedservices/resource-manager/Microsoft.ManagedServices/stable/2019-09-01/managedservices.json#Authorization,Authorization tuple containing principal Id (of user/service principal/security group) and role definition id.,{'principalId': {'type': 'string'; 'description': 'Principal Id of the security group/service principal/user that would be assigned permissions to the projected subscription'}; 'principalIdDisplayName': {'type': 'string'; 'description': 'Display name of the principal Id.'}; 'roleDefinitionId': {'type': 'string'; 'description': 'The role definition identifier. This role will define all the permissions that the security group/service principal/user must have on the projected subscription. This role cannot be an owner role.'}; 'delegatedRoleDefinitionIds': {'type': 'array'; 'description': 'The delegatedRoleDefinitionIds field is required when the roleDefinitionId refers to the User Access Administrator Role. It is the list of role definition ids which define all the permissions that the user in the authorization can assign to other security groups/service principals/users.'; 'of_type': 'string'}},,
N,Array;Properties,Microsoft.ManagedServices,RegistrationDefinitionList,/azure-rest-api-specs/specification/managedservices/resource-manager/Microsoft.ManagedServices/stable/2019-09-01/managedservices.json#RegistrationDefinitionList,List of registration definitions.,{'nextLink': {'type': 'string'; 'description': 'Link to next page of registration definitions.'}},,
N,Properties,Microsoft.DigitalTwins,ServiceBus,/azure-rest-api-specs/specification/digitaltwins/resource-manager/Microsoft.DigitalTwins/stable/2020-12-01/digitaltwins.json#ServiceBus,Properties related to ServiceBus.,{'free-type-0': {'type': 'free-type'; 'description': ''}},,
N,Operation,Microsoft.DigitalTwins,OperationDisplay,/azure-rest-api-specs/specification/digitaltwins/resource-manager/Microsoft.DigitalTwins/stable/2020-12-01/digitaltwins.json#OperationDisplay,The object that represents the operation.,{'provider': {'type': 'string'; 'description': 'Service provider: Microsoft DigitalTwins'}; 'resource': {'type': 'string'; 'description': 'Resource Type: DigitalTwinsInstances'}; 'operation': {'type': 'string'; 'description': 'Name of the operation'}; 'description': {'type': 'string'; 'description': 'Friendly description for the operation;'}},,
N,Properties,Microsoft.DigitalTwins,EventHub,/azure-rest-api-specs/specification/digitaltwins/resource-manager/Microsoft.DigitalTwins/stable/2020-12-01/digitaltwins.json#EventHub,Properties related to EventHub.,{'free-type-0': {'type': 'free-type'; 'description': ''}},,
N,Properties,Microsoft.DigitalTwins,DigitalTwinsPatchDescription,/azure-rest-api-specs/specification/digitaltwins/resource-manager/Microsoft.DigitalTwins/stable/2020-12-01/digitaltwins.json#DigitalTwinsPatchDescription,The description of the DigitalTwins service.,{'tags': {'type': 'free-type'; 'description': 'Instance patch properties'}},,
N,Result,Microsoft.DigitalTwins,PrivateEndpointConnectionsResponse,/azure-rest-api-specs/specification/digitaltwins/resource-manager/Microsoft.DigitalTwins/stable/2020-12-01/digitaltwins.json#PrivateEndpointConnectionsResponse,The available private link connections for a Digital Twin.,{},,
N,Properties,Microsoft.DigitalTwins,DigitalTwinsDescription,/azure-rest-api-specs/specification/digitaltwins/resource-manager/Microsoft.DigitalTwins/stable/2020-12-01/digitaltwins.json#DigitalTwinsDescription,The description of the DigitalTwins service.,{},,
N,Properties,Microsoft.DigitalTwins,DigitalTwinsResource,/azure-rest-api-specs/specification/digitaltwins/resource-manager/Microsoft.DigitalTwins/stable/2020-12-01/digitaltwins.json#DigitalTwinsResource,The common properties of a DigitalTwinsInstance.,{'id': {'type': 'string'; 'description': 'The resource identifier.'}; 'name': {'type': 'string'; 'description': 'The resource name.'}; 'type': {'type': 'string'; 'description': 'The resource type.'}; 'location': {'type': 'string'; 'description': 'The resource location.'}; 'tags': {'type': 'free-type'; 'description': 'The resource tags.'}},,
N,Result,Microsoft.DigitalTwins,GroupIdInformationResponse,/azure-rest-api-specs/specification/digitaltwins/resource-manager/Microsoft.DigitalTwins/stable/2020-12-01/digitaltwins.json#GroupIdInformationResponse,The available private link resources for a Digital Twin.,{},,
N,Properties,Microsoft.DigitalTwins,ConnectionProperties,/azure-rest-api-specs/specification/digitaltwins/resource-manager/Microsoft.DigitalTwins/stable/2020-12-01/digitaltwins.json#ConnectionProperties,The properties of a private endpoint connection.,{'provisioningState': {'type': 'string'; 'description': 'The provisioning state.'}; 'privateEndpoint': {'type': 'string'; 'description': ''}; 'privateLinkServiceConnectionState': {'type': 'string'; 'description': ''}},,
N,Result;Status,Microsoft.DigitalTwins,CheckNameRequest,/azure-rest-api-specs/specification/digitaltwins/resource-manager/Microsoft.DigitalTwins/stable/2020-12-01/digitaltwins.json#CheckNameRequest,The result returned from a database check name availability request.,{'name': {'type': 'string'; 'description': 'Resource name.'}; 'type': {'type': 'string'; 'description': 'The type of resource; for instance Microsoft.DigitalTwins/digitalTwinsInstances.'}},,
N,Status,Microsoft.DBforMariaDB,CloudError,/azure-rest-api-specs/specification/mariadb/resource-manager/Microsoft.DBforMariaDB/stable/2020-01-01/Servers.json#CloudError,An error response from the Batch service.,{},,
N,Properties,Microsoft.DocumentDB,CorsPolicy,/azure-rest-api-specs/specification/cosmos-db/resource-manager/Microsoft.DocumentDB/stable/2021-10-15/cosmos-db.json#CorsPolicy,The CORS policy for the Cosmos DB database account.,{'allowedOrigins': {'type': 'string'; 'description': 'The origin domains that are permitted to make a request against the service via CORS.'}; 'allowedMethods': {'type': 'string'; 'description': 'The methods (HTTP request verbs) that the origin domain may use for a CORS request.'}; 'allowedHeaders': {'type': 'string'; 'description': 'The request headers that the origin domain may specify on the CORS request.'}; 'exposedHeaders': {'type': 'string'; 'description': 'The response headers that may be sent in the response to the CORS request and exposed by the browser to the request issuer.'}; 'maxAgeInSeconds': {'type': 'int'; 'description': 'The maximum amount time that a browser should cache the preflight OPTIONS request.'}},,
N,Array;Results,Microsoft.DocumentDB,CassandraTableListResult,/azure-rest-api-specs/specification/cosmos-db/resource-manager/Microsoft.DocumentDB/stable/2021-10-15/cosmos-db.json#CassandraTableListResult,The List operation response that contains the Cassandra tables and their properties.,{},,
N,Properties,Microsoft.DocumentDB,RegionForOnlineOffline,/azure-rest-api-specs/specification/cosmos-db/resource-manager/Microsoft.DocumentDB/stable/2021-10-15/cosmos-db.json#RegionForOnlineOffline,Cosmos DB region to online or offline.,{'region': {'type': 'string'; 'description': 'Cosmos DB region; with spaces between words and each word capitalized.'}},,
N,Properties,Microsoft.DocumentDB,Indexes,/azure-rest-api-specs/specification/cosmos-db/resource-manager/Microsoft.DocumentDB/stable/2021-10-15/cosmos-db.json#Indexes,The indexes for the path.,{'dataType': {'type': 'string'; 'description': 'The datatype for which the indexing behavior is applied to.'}; 'precision': {'type': 'int'; 'description': 'The precision of the index. -1 is maximum precision.'}; 'kind': {'type': 'string'; 'description': 'Indicates the type of index.'}},,
N,Array;Properties,Microsoft.DocumentDB,Permission,/azure-rest-api-specs/specification/cosmos-db/resource-manager/Microsoft.DocumentDB/stable/2021-10-15/rbac.json#Permission,The set of data plane operations permitted through this Role Definition.,{'dataActions': {'type': 'array'; 'description': 'An array of data actions that are allowed.'; 'of_type': 'string'}; 'notDataActions': {'type': 'array'; 'description': 'An array of data actions that are denied.'; 'of_type': 'string'}},,
N,Status,Microsoft.DocumentDB,ManagedCassandraNodeStatus,/azure-rest-api-specs/specification/cosmos-db/resource-manager/Microsoft.DocumentDB/stable/2021-10-15/managedCassandra.json#ManagedCassandraNodeStatus,Indicates whether the node is functioning or not.,{},,
N,Properties,Microsoft.DocumentDB,DatabaseAccountRegenerateKeyParameters,/azure-rest-api-specs/specification/cosmos-db/resource-manager/Microsoft.DocumentDB/stable/2021-10-15/cosmos-db.json#DatabaseAccountRegenerateKeyParameters,Parameters to regenerate the keys within the database account.,{'keyKind': {'type': 'string'; 'description': 'The access key to regenerate.'}},,
Y,,Microsoft.DocumentDB,SqlRoleDefinitionResource,/azure-rest-api-specs/specification/cosmos-db/resource-manager/Microsoft.DocumentDB/stable/2021-10-15/rbac.json#SqlRoleDefinitionResource,Azure Cosmos DB SQL Role Definition resource object.,{'roleName': {'type': 'string'; 'description': 'A user-friendly name for the Role Definition. Must be unique for the database account.'}; 'type': {'type': 'string'; 'description': 'Indicates whether the Role Definition was built-in or user created.'}; 'assignableScopes': {'type': 'array'; 'description': 'A set of fully qualified Scopes at or below which Role Assignments may be created using this Role Definition. This will allow application of this Role Definition on the entire database account or any underlying Database / Collection. Must have at least one element. Scopes higher than Database account are not enforceable as assignable Scopes. Note that resources referenced in assignable Scopes need not exist.'; 'of_type': 'string'}},,
N,Properties,Microsoft.DocumentDB,UniqueKey,/azure-rest-api-specs/specification/cosmos-db/resource-manager/Microsoft.DocumentDB/stable/2021-10-15/cosmos-db.json#UniqueKey,The unique key on that enforces uniqueness constraint on documents in the collection in the Azure Cosmos DB service.,{},,
N,Array;Results,Microsoft.DocumentDB,MetricListResult,/azure-rest-api-specs/specification/cosmos-db/resource-manager/Microsoft.DocumentDB/stable/2021-10-15/cosmos-db.json#MetricListResult,The response to a list metrics request.,{},,
N,Properties,Microsoft.Elastic,MonitoringTagRules,/azure-rest-api-specs/specification/elastic/resource-manager/Microsoft.Elastic/stable/2020-07-01/elastic.json#MonitoringTagRules,Capture logs and metrics of Azure resources based on ARM tags.,{'name': {'type': 'string'; 'description': 'Name of the rule set.'}; 'id': {'type': 'string'; 'description': 'The id of the rule set.'}; 'type': {'type': 'string'; 'description': 'The type of the rule set.'}},,
Y,,Microsoft.Elastic,ElasticMonitorResource,/azure-rest-api-specs/specification/elastic/resource-manager/Microsoft.Elastic/stable/2020-07-01/elastic.json#ElasticMonitorResource,Monitor resource.,{'id': {'type': 'string'; 'description': 'ARM id of the monitor resource.'}; 'name': {'type': 'string'; 'description': 'Name of the monitor resource.'}; 'type': {'type': 'string'; 'description': 'The type of the monitor resource.'}; 'tags': {'type': 'free-type'; 'description': 'The tags of the monitor resource.'}; 'location': {'type': 'string'; 'description': 'The location of the monitor resource'}},,
N,Properties,Microsoft.Elastic,UserInfo,/azure-rest-api-specs/specification/elastic/resource-manager/Microsoft.Elastic/stable/2020-07-01/elastic.json#UserInfo,User Information to be passed to partners.,{'firstName': {'type': 'string'; 'description': 'First name of the user'}; 'lastName': {'type': 'string'; 'description': 'Last name of the user'}; 'companyName': {'type': 'string'; 'description': 'Company name of the user'}; 'emailAddress': {'type': 'string'; 'description': 'Email of the user used by Elastic for contacting them if needed'}},,
N,Properties,Microsoft.Elastic,ManagedIdentityTypes,/azure-rest-api-specs/specification/elastic/resource-manager/Microsoft.Elastic/stable/2020-07-01/elastic.json#ManagedIdentityTypes,Managed Identity types.,{},,
N,Result;Status,Microsoft.Elastic,ErrorResponseBody,/azure-rest-api-specs/specification/elastic/resource-manager/Microsoft.Elastic/stable/2020-07-01/elastic.json#ErrorResponseBody,Error response body.,{'code': {'type': 'string'; 'description': 'Error code.'}; 'message': {'type': 'string'; 'description': 'Error message.'}; 'target': {'type': 'string'; 'description': 'Error target.'}},,
N,Array,Microsoft.Elastic,LogRules,/azure-rest-api-specs/specification/elastic/resource-manager/Microsoft.Elastic/stable/2020-07-01/elastic.json#LogRules,Set of rules for sending logs for the Monitor resource.,{'sendAadLogs': {'type': 'bool'; 'description': 'Flag specifying if AAD logs should be sent for the Monitor resource.'}; 'sendSubscriptionLogs': {'type': 'bool'; 'description': 'Flag specifying if subscription logs should be sent for the Monitor resource.'}; 'sendActivityLogs': {'type': 'bool'; 'description': 'Flag specifying if activity logs from Azure resources should be sent for the Monitor resource.'}},,
N,Properties,Microsoft.Elastic,CompanyInfo,/azure-rest-api-specs/specification/elastic/resource-manager/Microsoft.Elastic/stable/2020-07-01/elastic.json#CompanyInfo,Company information of the user to be passed to partners.,{'domain': {'type': 'string'; 'description': 'Domain of the company'}; 'business': {'type': 'string'; 'description': 'Business of the company'}; 'employeesNumber': {'type': 'string'; 'description': 'Number of employees in the company'}; 'state': {'type': 'string'; 'description': 'State of the company location.'}; 'country': {'type': 'string'; 'description': 'Country of the company location.'}},,
N,Properties,Microsoft.Elastic,CompanyInfo,/azure-rest-api-specs/specification/elastic/resource-manager/Microsoft.Elastic/stable/2020-07-01/elastic.json#CompanyInfo,Company information of the user to be passed to partners.,{'domain': {'type': 'string'; 'description': 'Domain of the company'}; 'business': {'type': 'string'; 'description': 'Business of the company'}; 'employeesNumber': {'type': 'string'; 'description': 'Number of employees in the company'}; 'state': {'type': 'string'; 'description': 'State of the company location.'}; 'country': {'type': 'string'; 'description': 'Country of the company location.'}},,
N,Operation,Microsoft.Elastic,OperationDisplay,/azure-rest-api-specs/specification/elastic/resource-manager/Microsoft.Elastic/stable/2020-07-01/elastic.json#OperationDisplay,The object that represents the operation.,"{'provider': {'type': 'string'; 'description': 'Service provider; i.e.; Microsoft.Elastic.'}; 'resource': {'type': 'string'; 'description': ""Type on which the operation is performed; e.g.; 'monitors'.""}; 'operation': {'type': 'string'; 'description': 'Operation type; e.g.; read; write; delete; etc.'}; 'description': {'type': 'string'; 'description': ""Description of the operation; e.g.; 'Write monitors'.""}}",,
N,Properties,Microsoft.Elastic,IdentityProperties,/azure-rest-api-specs/specification/elastic/resource-manager/Microsoft.Elastic/stable/2020-07-01/elastic.json#IdentityProperties,Identity properties.,{'principalId': {'type': 'string'; 'description': 'The identity ID.'}; 'tenantId': {'type': 'string'; 'description': 'The tenant ID of resource.'}},,
N,Properties,Microsoft.AnalysisServices,GatewayListStatusLive,/azure-rest-api-specs/specification/analysisservices/resource-manager/Microsoft.AnalysisServices/stable/2017-08-01/analysisservices.json#GatewayListStatusLive,Status of gateway is live.,{'status': {'type': 'int'; 'description': 'Live message of list gateway. Status: 0 - Live'}},,
N,Properties,Microsoft.AnalysisServices,ResourceSku,/azure-rest-api-specs/specification/analysisservices/resource-manager/Microsoft.AnalysisServices/stable/2017-08-01/analysisservices.json#ResourceSku,Represents the SKU name and Azure pricing tier for Analysis Services resource.,{'name': {'type': 'string'; 'description': 'Name of the SKU level.'}; 'tier': {'type': 'string'; 'description': 'The name of the Azure pricing tier to which the SKU applies.'}; 'capacity': {'type': 'int'; 'description': 'The number of instances in the read only query pool.'}},,
N,Properties,Microsoft.AnalysisServices,SkuDetailsForExistingResource,/azure-rest-api-specs/specification/analysisservices/resource-manager/Microsoft.AnalysisServices/stable/2017-08-01/analysisservices.json#SkuDetailsForExistingResource,An object that represents SKU details for existing resources.,{'resourceType': {'type': 'string'; 'description': 'The resource type.'}},,
N,Status,Microsoft.AnalysisServices,GatewayError,/azure-rest-api-specs/specification/analysisservices/resource-manager/Microsoft.AnalysisServices/stable/2017-08-01/analysisservices.json#GatewayError,Detail of gateway errors.,{},,
Y,,Microsoft.AnalysisServices,AnalysisServicesServer,/azure-rest-api-specs/specification/analysisservices/resource-manager/Microsoft.AnalysisServices/stable/2017-08-01/analysisservices.json#AnalysisServicesServer,Represents an instance of an Analysis Services resource.,{},,
N,Properties,Microsoft.AnalysisServices,IPv4FirewallRule,/azure-rest-api-specs/specification/analysisservices/resource-manager/Microsoft.AnalysisServices/stable/2017-08-01/analysisservices.json#IPv4FirewallRule,The detail of firewall rule.,{'firewallRuleName': {'type': 'string'; 'description': 'The rule name.'}; 'rangeStart': {'type': 'string'; 'description': 'The start range of IPv4.'}; 'rangeEnd': {'type': 'string'; 'description': 'The end range of IPv4.'}},,
N,Status,Microsoft.AnalysisServices,ErrorDetail,/azure-rest-api-specs/specification/analysisservices/resource-manager/Microsoft.AnalysisServices/stable/2017-08-01/analysisservices.json#ErrorDetail,The error detail.,{'code': {'type': 'string'; 'description': 'The error code.'}; 'message': {'type': 'string'; 'description': 'The error message.'}; 'target': {'type': 'string'; 'description': 'The error target.'}; 'subCode': {'type': 'int'; 'description': 'The error sub code'}; 'httpStatusCode': {'type': 'int'; 'description': 'The http status code'}; 'timeStamp': {'type': 'string'; 'description': 'the timestamp for the error.'}},,
N,Properties,Microsoft.AnalysisServices,IPv4FirewallRule,/azure-rest-api-specs/specification/analysisservices/resource-manager/Microsoft.AnalysisServices/stable/2017-08-01/analysisservices.json#IPv4FirewallRule,The detail of firewall rule.,{'firewallRuleName': {'type': 'string'; 'description': 'The rule name.'}; 'rangeStart': {'type': 'string'; 'description': 'The start range of IPv4.'}; 'rangeEnd': {'type': 'string'; 'description': 'The end range of IPv4.'}},,
N,Status,Microsoft.AnalysisServices,GatewayListStatusLive,/azure-rest-api-specs/specification/analysisservices/resource-manager/Microsoft.AnalysisServices/stable/2017-08-01/analysisservices.json#GatewayListStatusLive,Status of gateway is live.,{'status': {'type': 'int'; 'description': 'Live message of list gateway. Status: 0 - Live'}},,
N,Properties,Microsoft.AnalysisServices,MetricSpecifications,/azure-rest-api-specs/specification/analysisservices/resource-manager/Microsoft.AnalysisServices/stable/2017-08-01/analysisservices.json#MetricSpecifications,Available operation metric specification for exposing performance metrics to shoebox.,{'name': {'type': 'string'; 'description': 'The name of metric.'}; 'displayName': {'type': 'string'; 'description': 'The displayed name of metric.'}; 'displayDescription': {'type': 'string'; 'description': 'The displayed description of metric.'}; 'unit': {'type': 'string'; 'description': 'The unit of the metric.'}; 'aggregationType': {'type': 'string'; 'description': 'The aggregation type of metric.'}},,
N,Status,Microsoft.KeyVault,PrivateEndpointConnectionProvisioningState,/azure-rest-api-specs/specification/keyvault/resource-manager/Microsoft.KeyVault/stable/2019-09-01/keyvault.json#PrivateEndpointConnectionProvisioningState,The current provisioning state.,{},,
N,Status,Microsoft.KeyVault,PrivateLinkServiceConnectionState,/azure-rest-api-specs/specification/keyvault/resource-manager/Microsoft.KeyVault/stable/2019-09-01/keyvault.json#PrivateLinkServiceConnectionState,An object that represents the approval state of the private link connection.,{'description': {'type': 'string'; 'description': 'The reason for approval or rejection.'}; 'actionsRequired': {'type': 'string'; 'description': 'A message indicating if changes on the service provider require any updates on the consumer.'}},,
Y,,Microsoft.KeyVault,PrivateEndpointConnection,/azure-rest-api-specs/specification/keyvault/resource-manager/Microsoft.KeyVault/stable/2019-09-01/keyvault.json#PrivateEndpointConnection,Private endpoint connection resource.,{'etag': {'type': 'string'; 'description': 'Modified whenever there is a change in the state of private endpoint connection.'}},,
N,Properties,Microsoft.KeyVault,PrivateEndpointConnectionProperties,/azure-rest-api-specs/specification/keyvault/resource-manager/Microsoft.KeyVault/stable/2019-09-01/keyvault.json#PrivateEndpointConnectionProperties,Properties of the private endpoint connection resource.,{},,
N,Operation;Properties,Microsoft.KeyVault,OperationProperties,/azure-rest-api-specs/specification/keyvault/resource-manager/Microsoft.KeyVault/stable/2019-09-01/providers.json#OperationProperties,Properties of operation include metric specifications.,{},,
N,Properties,Microsoft.KeyVault,PrivateLinkResourceProperties,/azure-rest-api-specs/specification/keyvault/resource-manager/Microsoft.KeyVault/stable/2019-09-01/keyvault.json#PrivateLinkResourceProperties,Properties of a private link resource.,{'groupId': {'type': 'string'; 'description': 'Group identifier of private link resource.'}; 'requiredMembers': {'type': 'array'; 'description': 'Required member names of private link resource.'; 'of_type': 'string'}; 'requiredZoneNames': {'type': 'array'; 'description': 'Required DNS zone names of the the private link resource.'; 'of_type': 'string'}},,
N,Status,Microsoft.KeyVault,PrivateEndpointConnectionProvisioningState,/azure-rest-api-specs/specification/keyvault/resource-manager/Microsoft.KeyVault/stable/2019-09-01/keyvault.json#PrivateEndpointConnectionProvisioningState,The current provisioning state.,{},,
N,Operation;Properties,Microsoft.KeyVault,VaultCreateOrUpdateParameters,/azure-rest-api-specs/specification/keyvault/resource-manager/Microsoft.KeyVault/stable/2019-09-01/keyvault.json#VaultCreateOrUpdateParameters,Parameters for creating or updating a vault,{'location': {'type': 'string'; 'description': 'The supported Azure location where the key vault should be created.'}; 'tags': {'type': 'free-type'; 'description': 'The tags that will be assigned to the key vault.'}},,
N,Properties,Microsoft.KeyVault,PrivateEndpoint,/azure-rest-api-specs/specification/keyvault/resource-manager/Microsoft.KeyVault/stable/2019-09-01/keyvault.json#PrivateEndpoint,Private endpoint object properties.,{'id': {'type': 'string'; 'description': 'Full identifier of the private endpoint resource.'}},,
Y,,Microsoft.KeyVault,Key,/azure-rest-api-specs/specification/keyvault/resource-manager/Microsoft.KeyVault/stable/2019-09-01/keys.json#Key,The key resource.,{},,
N,Array;Properties,Microsoft.Security,SettingsList,/azure-rest-api-specs/specification/security/resource-manager/Microsoft.Security/stable/2021-07-01/settings.json#SettingsList,Subscription settings list.,{'nextLink': {'type': 'string'; 'description': 'The URI to fetch the next page.'}},,
N,Properties,Microsoft.Security,DataExportSettings,/azure-rest-api-specs/specification/security/resource-manager/Microsoft.Security/stable/2021-07-01/settings.json#DataExportSettings,Represents a data export setting,{},,
N,Properties,Microsoft.Security,AlertSyncSettings,/azure-rest-api-specs/specification/security/resource-manager/Microsoft.Security/stable/2021-07-01/settings.json#AlertSyncSettings,Represents an alert sync setting,{},,
N,Properties,Microsoft.Security,Setting,/azure-rest-api-specs/specification/security/resource-manager/Microsoft.Security/stable/2021-07-01/settings.json#Setting,The kind of the security setting,{'kind': {'type': 'string'; 'description': 'the kind of the settings string'}},,
N,Properties,Microsoft.Security,DataExportSettingProperties,/azure-rest-api-specs/specification/security/resource-manager/Microsoft.Security/stable/2021-07-01/settings.json#DataExportSettingProperties,The data export setting properties,{'enabled': {'type': 'bool'; 'description': 'Is the data export setting enabled'}},,
N,Properties,Microsoft.Security,AlertSyncSettingProperties,/azure-rest-api-specs/specification/security/resource-manager/Microsoft.Security/stable/2021-07-01/settings.json#AlertSyncSettingProperties,The alert sync setting properties,{'enabled': {'type': 'bool'; 'description': 'Is the alert sync setting enabled'}},,
N,Properties,Microsoft.Web,CsmOperationDescriptionProperties,/azure-rest-api-specs/specification/web/resource-manager/Microsoft.Web/stable/2021-02-01/CommonDefinitions.json#CsmOperationDescriptionProperties,Properties available for a Microsoft.Web resource provider operation.,{},,
N,Array,Microsoft.Web,PremierAddOnOfferCollection,/azure-rest-api-specs/specification/web/resource-manager/Microsoft.Web/stable/2021-02-01/ResourceProvider.json#PremierAddOnOfferCollection,Collection of premier add-on offers.,{'nextLink': {'type': 'string'; 'description': 'Link to next page of resources.'}},,
N,Array;Properties,Microsoft.Web,ResourceHealthMetadataCollection,/azure-rest-api-specs/specification/web/resource-manager/Microsoft.Web/stable/2021-02-01/ResourceHealthMetadata.json#ResourceHealthMetadataCollection,Collection of resource health metadata.,{'nextLink': {'type': 'string'; 'description': 'Link to next page of resources.'}},,
Y,,Microsoft.Web,RampUpRule,/azure-rest-api-specs/specification/web/resource-manager/Microsoft.Web/stable/2021-02-01/CommonDefinitions.json#RampUpRule,Routing rules for ramp up testing. This rule allows to redirect static traffic % to a slot or to gradually change routing % based on performance.,{'actionHostName': {'type': 'string'; 'description': 'Hostname of a slot to which the traffic will be redirected if decided to. E.g. myapp-stage.azurewebsites.net.'}; 'reroutePercentage': {'type': 'number'; 'description': 'Percentage of the traffic which will be redirected to <code>ActionHostName</code>.'}; 'changeStep': {'type': 'number'; 'description': 'In auto ramp up scenario this is the step to add/remove from <code>ReroutePercentage</code> until it reaches \\n<code>MinReroutePercentage</code> or \n<code>MaxReroutePercentage</code>. Site metrics are checked every N minutes specified in <code>ChangeIntervalInMinutes</code>.\\nCustom decision algorithm \ncan be provided in TiPCallback site extension which URL can be specified in <code>ChangeDecisionCallbackUrl</code>.'}; 'changeIntervalInMinutes': {'type': 'int'; 'description': 'Specifies interval in minutes to reevaluate ReroutePercentage.'}; 'minReroutePercentage': {'type': 'number'; 'description': 'Specifies lower boundary above which ReroutePercentage will stay.'}; 'maxReroutePercentage': {'type': 'number'; 'description': 'Specifies upper boundary below which ReroutePercentage will stay.'}; 'changeDecisionCallbackUrl': {'type': 'string'; 'description': 'Custom decision algorithm can be provided in TiPCallback site extension which URL can be specified. See TiPCallback site extension for the scaffold and contracts.\nhttps://www.siteextensions.net/packages/TiPCallback/'}; 'name': {'type': 'string'; 'description': 'Name of the routing rule. The recommended name would be to point to the slot which will receive the traffic in the experiment.'}},,
N,Array,Microsoft.Web,SourceControlCollection,/azure-rest-api-specs/specification/web/resource-manager/Microsoft.Web/stable/2021-02-01/ResourceProvider.json#SourceControlCollection,Collection of source controls.,{'nextLink': {'type': 'string'; 'description': 'Link to next page of resources.'}},,
Y,,Microsoft.Web,AseV3NetworkingConfiguration,/azure-rest-api-specs/specification/web/resource-manager/Microsoft.Web/stable/2021-02-01/AppServiceEnvironments.json#AseV3NetworkingConfiguration,Full view of networking configuration for an ASE.,{'properties': {'type': 'object'; 'description': 'AseV3NetworkingConfiguration resource specific properties'; 'of_type': 'NA'}},,
Y,,Microsoft.Web,OutboundEnvironmentEndpoint,/azure-rest-api-specs/specification/web/resource-manager/Microsoft.Web/stable/2021-02-01/AppServiceEnvironments.json#OutboundEnvironmentEndpoint,Endpoints accessed for a common purpose that the App Service Environment requires outbound network access to.,{'category': {'type': 'string'; 'description': 'The type of service accessed by the App Service Environment; e.g.; Azure Storage; Azure SQL Database; and Azure Active Directory.'}},,
N,Array,Microsoft.Web,Experiments,/azure-rest-api-specs/specification/web/resource-manager/Microsoft.Web/stable/2021-02-01/CommonDefinitions.json#Experiments,Routing rules in production experiments.,{},,
N,Properties,Microsoft.Web,WebJob,/azure-rest-api-specs/specification/web/resource-manager/Microsoft.Web/stable/2021-02-01/WebApps.json#WebJob,Web Job Information.,{'properties': {'type': 'object'; 'description': 'WebJob resource specific properties'; 'of_type': 'NA'}},,
N,Properties,Microsoft.Web,LocalizableString,/azure-rest-api-specs/specification/web/resource-manager/Microsoft.Web/stable/2021-02-01/CommonDefinitions.json#LocalizableString,Localizable string object containing the name and a localized value.,{'value': {'type': 'string'; 'description': 'Non-localized name.'}; 'localizedValue': {'type': 'string'; 'description': 'Localized name.'}},,
N,Operation,Microsoft.PowerBI,Operation,/azure-rest-api-specs/specification/powerbiembedded/resource-manager/Microsoft.PowerBI/stable/2016-01-29/powerbiembedded.json#Operation,,{'name': {'type': 'string'; 'description': 'The name of the operation being performed on this particular object. This name should match the action name that appears in RBAC / the event service.'}},,
N,Operation,Microsoft.PowerBI,MigrateWorkspaceCollectionRequest,/azure-rest-api-specs/specification/powerbiembedded/resource-manager/Microsoft.PowerBI/stable/2016-01-29/powerbiembedded.json#MigrateWorkspaceCollectionRequest,,{'targetResourceGroup': {'type': 'string'; 'description': 'Name of the resource group the Power BI workspace collections will be migrated to.'}; 'resources': {'type': 'array'; 'description': ''; 'of_type': 'string'}},,
N,Operation,Microsoft.PowerBI,AsyncOperationDetail,/azure-rest-api-specs/specification/powerbiprivatelinks/resource-manager/Microsoft.PowerBI/stable/2020-06-01/powerbiprivatelinks.json#AsyncOperationDetail,,{'id': {'type': 'string'; 'description': 'The operation id.'}; 'name': {'type': 'string'; 'description': 'The operation name.'}; 'status': {'type': 'string'; 'description': 'The operation status.'}; 'startTime': {'type': 'string'; 'description': 'The operation start time.'}; 'endTime': {'type': 'string'; 'description': 'The operation end time.'}},,
N,Operation,Microsoft.PowerBI,Operation,/azure-rest-api-specs/specification/powerbiembedded/resource-manager/Microsoft.PowerBI/stable/2016-01-29/powerbiembedded.json#Operation,,{'name': {'type': 'string'; 'description': 'The name of the operation being performed on this particular object. This name should match the action name that appears in RBAC / the event service.'}},,
Y,,Microsoft.PowerBI,PrivateLinkServiceConnection,/azure-rest-api-specs/specification/powerbiprivatelinks/resource-manager/Microsoft.PowerBI/stable/2020-06-01/powerbiprivatelinks.json#PrivateLinkServiceConnection,,{'name': {'type': 'string'; 'description': 'Specifies the name of the private link service connection.'}; 'groupIds': {'type': 'array'; 'description': 'Specifies the group ids of the private link service connection.'; 'of_type': 'string'}; 'requestMessage': {'type': 'string'; 'description': 'Specifies the request message of the private link service connection.'}},,
N,Array;Results,Microsoft.PowerBI,PrivateLinkResourcesListResult,/azure-rest-api-specs/specification/powerbiprivatelinks/resource-manager/Microsoft.PowerBI/stable/2020-06-01/powerbiprivatelinks.json#PrivateLinkResourcesListResult,Specifies list of the private link resource.,{'nextLink': {'type': 'string'; 'description': 'URL to get the next set of operation list results (if there are any).'}},,
Y,,Microsoft.PowerBI,PrivateLinkServiceProxy,/azure-rest-api-specs/specification/powerbiprivatelinks/resource-manager/Microsoft.PowerBI/stable/2020-06-01/powerbiprivatelinks.json#PrivateLinkServiceProxy,,{'id': {'type': 'string'; 'description': 'Specifies the id of the private link service proxy.'}},,
N,Operation,Microsoft.PowerBI,MigrateWorkspaceCollectionRequest,/azure-rest-api-specs/specification/powerbiembedded/resource-manager/Microsoft.PowerBI/stable/2016-01-29/powerbiembedded.json#MigrateWorkspaceCollectionRequest,,{'targetResourceGroup': {'type': 'string'; 'description': 'Name of the resource group the Power BI workspace collections will be migrated to.'}; 'resources': {'type': 'array'; 'description': ''; 'of_type': 'string'}},,
N,Status,Microsoft.PowerBI,ConnectionState,/azure-rest-api-specs/specification/powerbiprivatelinks/resource-manager/Microsoft.PowerBI/stable/2020-06-01/powerbiprivatelinks.json#ConnectionState,ConnectionState information.,{'status': {'type': 'string'; 'description': 'Status of the connection.'}; 'description': {'type': 'string'; 'description': 'Description of the connection state.'}; 'actionsRequired': {'type': 'string'; 'description': 'Actions required (if any).'}},,
N,Array;Results,Microsoft.PowerBI,PrivateLinkResourcesListResult,/azure-rest-api-specs/specification/powerbiprivatelinks/resource-manager/Microsoft.PowerBI/stable/2020-06-01/powerbiprivatelinks.json#PrivateLinkResourcesListResult,Specifies list of the private link resource.,{'nextLink': {'type': 'string'; 'description': 'URL to get the next set of operation list results (if there are any).'}},,
N,Properties,Microsoft.Network,ProtocolCustomSettingsFormat,/azure-rest-api-specs/specification/network/resource-manager/Microsoft.Network/stable/2021-05-01/ddosCustomPolicy.json#ProtocolCustomSettingsFormat,DDoS custom policy properties.,{'protocol': {'type': 'string'; 'description': 'The protocol for which the DDoS protection policy is being customized.'}; 'triggerRateOverride': {'type': 'string'; 'description': 'The customized DDoS protection trigger rate.'}; 'sourceRateOverride': {'type': 'string'; 'description': 'The customized DDoS protection source rate.'}; 'triggerSensitivityOverride': {'type': 'string'; 'description': 'The customized DDoS protection trigger rate sensitivity degrees. High: Trigger rate set with most sensitivity w.r.t. normal traffic. Default: Trigger rate set with moderate sensitivity w.r.t. normal traffic. Low: Trigger rate set with less sensitivity w.r.t. normal traffic. Relaxed: Trigger rate set with least sensitivity w.r.t. normal traffic.'}},,
Y,,Microsoft.Network,ManagedRulesDefinition,/azure-rest-api-specs/specification/network/resource-manager/Microsoft.Network/stable/2021-05-01/webapplicationfirewall.json#ManagedRulesDefinition,Allow to exclude some variable satisfy the condition for the WAF check.,{},,
N,Properties,Microsoft.Network,ApplicationGatewayAuthenticationCertificatePropertiesFormat,/azure-rest-api-specs/specification/network/resource-manager/Microsoft.Network/stable/2021-05-01/applicationGateway.json#ApplicationGatewayAuthenticationCertificatePropertiesFormat,Authentication certificates properties of an application gateway.,{'data': {'type': 'string'; 'description': 'Certificate public data.'}},,
N,Array,Microsoft.Network,ApplicationGatewayFirewallRuleSet,/azure-rest-api-specs/specification/network/resource-manager/Microsoft.Network/stable/2021-05-01/applicationGateway.json#ApplicationGatewayFirewallRuleSet,A web application firewall rule set.,{},,
Y,,Microsoft.Network,ApplicationGatewayPathRule,/azure-rest-api-specs/specification/network/resource-manager/Microsoft.Network/stable/2021-05-01/applicationGateway.json#ApplicationGatewayPathRule,Path rule of URL path map of an application gateway.,{'name': {'type': 'string'; 'description': 'Name of the path rule that is unique within an Application Gateway.'}; 'etag': {'type': 'string'; 'description': 'A unique read-only string that changes whenever the resource is updated.'}; 'type': {'type': 'string'; 'description': 'Type of the resource.'}},,
N,Properties,Microsoft.Network,LogSpecification,/azure-rest-api-specs/specification/network/resource-manager/Microsoft.Network/stable/2021-05-01/operation.json#LogSpecification,Description of logging specification.,{'name': {'type': 'string'; 'description': 'The name of the specification.'}; 'displayName': {'type': 'string'; 'description': 'The display name of the specification.'}; 'blobDuration': {'type': 'string'; 'description': 'Duration of the blob.'}},,
N,Properties,Microsoft.Network,TroubleshootingRecommendedActions,/azure-rest-api-specs/specification/network/resource-manager/Microsoft.Network/stable/2021-05-01/networkWatcher.json#TroubleshootingRecommendedActions,Recommended actions based on discovered issues.,{'actionId': {'type': 'string'; 'description': 'ID of the recommended action.'}; 'actionText': {'type': 'string'; 'description': 'Description of recommended actions.'}; 'actionUri': {'type': 'string'; 'description': 'The uri linking to a documentation for the recommended troubleshooting actions.'}; 'actionUriText': {'type': 'string'; 'description': 'The information from the URI for the recommended troubleshooting actions.'}},,
Y,,Microsoft.Network,NetworkRule,/azure-rest-api-specs/specification/network/resource-manager/Microsoft.Network/stable/2021-05-01/firewallPolicy.json#NetworkRule,Rule of type network.,{'sourceAddresses': {'type': 'array'; 'description': 'List of source IP addresses for this rule.'; 'of_type': 'string'}; 'destinationAddresses': {'type': 'array'; 'description': 'List of destination IP addresses or Service Tags.'; 'of_type': 'string'}; 'destinationPorts': {'type': 'array'; 'description': 'List of destination ports.'; 'of_type': 'string'}; 'sourceIpGroups': {'type': 'array'; 'description': 'List of source IpGroups for this rule.'; 'of_type': 'string'}; 'destinationIpGroups': {'type': 'array'; 'description': 'List of destination IpGroups for this rule.'; 'of_type': 'string'}; 'destinationFqdns': {'type': 'array'; 'description': 'List of destination FQDNs.'; 'of_type': 'string'}},,
N,Properties,Microsoft.Network,SecurityGroupViewParameters,/azure-rest-api-specs/specification/network/resource-manager/Microsoft.Network/stable/2021-05-01/networkWatcher.json#SecurityGroupViewParameters,Parameters that define the VM to check security groups for.,{'targetResourceId': {'type': 'string'; 'description': 'ID of the target VM.'}},,
Y,,Microsoft.Network,TrafficManagerGeographicHierarchy,/azure-rest-api-specs/specification/trafficmanager/resource-manager/Microsoft.Network/stable/2018-08-01/trafficmanager.json#TrafficManagerGeographicHierarchy,Class representing the Geographic hierarchy used with the Geographic traffic routing method.,{},,